-- MySQL dump 10.16  Distrib 10.1.30-MariaDB, for debian-linux-gnu (x86_64)
--
-- Host: localhost    Database: shub
-- ------------------------------------------------------
-- Server version	10.1.30-MariaDB-0ubuntu0.17.10.1

/*!40101 SET @OLD_CHARACTER_SET_CLIENT=@@CHARACTER_SET_CLIENT */;
/*!40101 SET @OLD_CHARACTER_SET_RESULTS=@@CHARACTER_SET_RESULTS */;
/*!40101 SET @OLD_COLLATION_CONNECTION=@@COLLATION_CONNECTION */;
/*!40101 SET NAMES utf8mb4 */;
/*!40103 SET @OLD_TIME_ZONE=@@TIME_ZONE */;
/*!40103 SET TIME_ZONE='+00:00' */;
/*!40014 SET @OLD_UNIQUE_CHECKS=@@UNIQUE_CHECKS, UNIQUE_CHECKS=0 */;
/*!40014 SET @OLD_FOREIGN_KEY_CHECKS=@@FOREIGN_KEY_CHECKS, FOREIGN_KEY_CHECKS=0 */;
/*!40101 SET @OLD_SQL_MODE=@@SQL_MODE, SQL_MODE='NO_AUTO_VALUE_ON_ZERO' */;
/*!40111 SET @OLD_SQL_NOTES=@@SQL_NOTES, SQL_NOTES=0 */;

--
-- Table structure for table `classes`
--

DROP TABLE IF EXISTS `classes`;
/*!40101 SET @saved_cs_client     = @@character_set_client */;
/*!40101 SET character_set_client = utf8 */;
CREATE TABLE `classes` (
  `id` int(11) NOT NULL AUTO_INCREMENT,
  `name` varchar(10) NOT NULL,
  PRIMARY KEY (`id`)
) ENGINE=InnoDB AUTO_INCREMENT=2 DEFAULT CHARSET=utf8mb4;
/*!40101 SET character_set_client = @saved_cs_client */;

--
-- Dumping data for table `classes`
--

LOCK TABLES `classes` WRITE;
/*!40000 ALTER TABLE `classes` DISABLE KEYS */;
INSERT INTO `classes` VALUES (1,'11-A');
/*!40000 ALTER TABLE `classes` ENABLE KEYS */;
UNLOCK TABLES;

--
-- Table structure for table `schedule`
--

DROP TABLE IF EXISTS `schedule`;
/*!40101 SET @saved_cs_client     = @@character_set_client */;
/*!40101 SET character_set_client = utf8 */;
CREATE TABLE `schedule` (
  `id` int(11) NOT NULL AUTO_INCREMENT,
  `weekday` int(11) NOT NULL,
  `lesson` int(11) NOT NULL,
  `class_id` int(11) NOT NULL,
  `subject` varchar(255) NOT NULL,
  `cabinet` int(11) NOT NULL,
  `teacher_id` int(11) NOT NULL,
  PRIMARY KEY (`id`),
  KEY `class_id` (`class_id`),
  KEY `teacher_id` (`teacher_id`),
  CONSTRAINT `schedule_ibfk_1` FOREIGN KEY (`class_id`) REFERENCES `classes` (`id`),
  CONSTRAINT `schedule_ibfk_2` FOREIGN KEY (`teacher_id`) REFERENCES `teachers` (`id`)
) ENGINE=InnoDB AUTO_INCREMENT=43 DEFAULT CHARSET=utf8mb4;
/*!40101 SET character_set_client = @saved_cs_client */;

--
-- Dumping data for table `schedule`
--

LOCK TABLES `schedule` WRITE;
/*!40000 ALTER TABLE `schedule` DISABLE KEYS */;
INSERT INTO `schedule` VALUES (1,1,1,1,'Математика',100,1),(2,1,2,1,'Англ. Мова',101,2),(3,1,3,1,'Укр. Мова',102,3),(4,1,4,1,'Інформатика',103,4),(5,1,5,1,'Економіка',104,5),(6,1,6,1,'Фізра',105,6),(7,1,7,1,'Історія',106,7),(8,2,1,1,'Математика',200,1),(9,2,2,1,'Англ. Мова',201,2),(10,2,3,1,'Укр. Мова',202,3),(11,2,4,1,'Інформатика',203,4),(12,2,5,1,'Економіка',204,5),(13,2,6,1,'Фізра',205,6),(14,2,7,1,'Історія',206,7),(15,3,1,1,'Математика',300,1),(16,3,2,1,'Англ. Мова',301,2),(17,3,3,1,'Укр. Мова',302,3),(18,3,4,1,'Інформатика',303,4),(19,3,5,1,'Економіка',304,5),(20,3,6,1,'Фізра',305,6),(21,3,7,1,'Історія',306,7),(22,4,1,1,'Математика',400,1),(23,4,2,1,'Англ. Мова',401,2),(24,4,3,1,'Укр. Мова',402,3),(25,4,4,1,'Інформатика',403,4),(26,4,5,1,'Економіка',404,5),(27,4,6,1,'Фізра',405,6),(28,4,7,1,'Історія',406,7),(29,5,1,1,'Математика',500,1),(30,5,2,1,'Англ. Мова',501,2),(31,5,3,1,'Укр. Мова',502,3),(32,5,4,1,'Інформатика',503,4),(33,5,5,1,'Економіка',504,5),(34,5,6,1,'Фізра',505,6),(35,5,7,1,'Історія',506,7),(36,6,1,1,'Математика',600,1),(37,6,2,1,'Англ. Мова',601,2),(38,6,3,1,'Укр. Мова',602,3),(39,6,4,1,'Інформатика',603,4),(40,6,5,1,'Економіка',604,5),(41,6,6,1,'Фізра',605,6),(42,6,7,1,'Історія',606,7);
/*!40000 ALTER TABLE `schedule` ENABLE KEYS */;
UNLOCK TABLES;

--
-- Table structure for table `students`
--

DROP TABLE IF EXISTS `students`;
/*!40101 SET @saved_cs_client     = @@character_set_client */;
/*!40101 SET character_set_client = utf8 */;
CREATE TABLE `students` (
  `id` int(11) NOT NULL AUTO_INCREMENT,
  `name` varchar(255) DEFAULT NULL,
  `class_id` int(11) DEFAULT NULL,
  PRIMARY KEY (`id`),
  KEY `class_id` (`class_id`),
  CONSTRAINT `students_ibfk_1` FOREIGN KEY (`class_id`) REFERENCES `classes` (`id`)
) ENGINE=InnoDB AUTO_INCREMENT=20 DEFAULT CHARSET=utf8mb4;
/*!40101 SET character_set_client = @saved_cs_client */;

--
-- Dumping data for table `students`
--

LOCK TABLES `students` WRITE;
/*!40000 ALTER TABLE `students` DISABLE KEYS */;
INSERT INTO `students` VALUES (1,'Ваня',1),(2,'Петя',1),(3,'Діма',1),(4,'Коля',1),(5,'Настя',1),(6,'Валера',1),(7,'Петровіч',1),(8,'Рома',1),(9,'Ілля',1),(10,'Костік',1),(11,'Максім',1),(12,'Валя',1),(13,'Валентін',1),(14,'Міша',1),(15,'Вова',1),(16,'Крістіна',1),(17,'Маша',1),(18,'Микита',1),(19,'Федя',1);
/*!40000 ALTER TABLE `students` ENABLE KEYS */;
UNLOCK TABLES;

--
-- Table structure for table `teachers`
--

DROP TABLE IF EXISTS `teachers`;
/*!40101 SET @saved_cs_client     = @@character_set_client */;
/*!40101 SET character_set_client = utf8 */;
CREATE TABLE `teachers` (
  `id` int(11) NOT NULL AUTO_INCREMENT,
  `name` varchar(255) NOT NULL,
  PRIMARY KEY (`id`)
) ENGINE=InnoDB AUTO_INCREMENT=8 DEFAULT CHARSET=utf8mb4;
/*!40101 SET character_set_client = @saved_cs_client */;

--
-- Dumping data for table `teachers`
--

LOCK TABLES `teachers` WRITE;
/*!40000 ALTER TABLE `teachers` DISABLE KEYS */;
INSERT INTO `teachers` VALUES (1,'Петровіч О.В.'),(2,'Генадівнічівна І.І.'),(3,'Довгополючка Р.Р.'),(4,'Кувічка М.Е.'),(5,'Мачехін М.М.'),(6,'Фізрук Е.Ю.'),(7,'Шевчук Х.Т.');
/*!40000 ALTER TABLE `teachers` ENABLE KEYS */;
UNLOCK TABLES;

--
-- Table structure for table `timetable`
--

DROP TABLE IF EXISTS `timetable`;
/*!40101 SET @saved_cs_client     = @@character_set_client */;
/*!40101 SET character_set_client = utf8 */;
CREATE TABLE `timetable` (
  `id` int(11) NOT NULL AUTO_INCREMENT,
  `start` time NOT NULL,
  `end` time NOT NULL,
  PRIMARY KEY (`id`)
) ENGINE=InnoDB AUTO_INCREMENT=11 DEFAULT CHARSET=utf8mb4;
/*!40101 SET character_set_client = @saved_cs_client */;

--
-- Dumping data for table `timetable`
--

LOCK TABLES `timetable` WRITE;
/*!40000 ALTER TABLE `timetable` DISABLE KEYS */;
INSERT INTO `timetable` VALUES (1,'08:00:00','08:45:00'),(2,'08:55:00','09:40:00'),(3,'09:50:00','10:35:00'),(4,'10:55:00','11:40:00'),(5,'11:50:00','12:35:00'),(6,'12:45:00','13:30:00'),(7,'13:50:00','14:35:00'),(8,'14:45:00','15:30:00'),(9,'15:40:00','16:25:00'),(10,'16:45:00','17:30:00');
/*!40000 ALTER TABLE `timetable` ENABLE KEYS */;
UNLOCK TABLES;
/*!40103 SET TIME_ZONE=@OLD_TIME_ZONE */;

/*!40101 SET SQL_MODE=@OLD_SQL_MODE */;
/*!40014 SET FOREIGN_KEY_CHECKS=@OLD_FOREIGN_KEY_CHECKS */;
/*!40014 SET UNIQUE_CHECKS=@OLD_UNIQUE_CHECKS */;
/*!40101 SET CHARACTER_SET_CLIENT=@OLD_CHARACTER_SET_CLIENT */;
/*!40101 SET CHARACTER_SET_RESULTS=@OLD_CHARACTER_SET_RESULTS */;
/*!40101 SET COLLATION_CONNECTION=@OLD_COLLATION_CONNECTION */;
/*!40111 SET SQL_NOTES=@OLD_SQL_NOTES */;

-- Dump completed on 2018-02-03 15:56:37
